Workbook

Sheet Sheet1
A1: Department | B1: Programme | C1: Shift | D1: Staff Incharge | E1: Course Title | F1: Course Code
A2: ARTIFICIAL INTELLIGENCE | B2: PG | C2: Shift 2 | D2: C.MOHANRAJA | E2: Research Writing | F2: 25PAI2SL02
A3: ARTIFICIAL INTELLIGENCE | B3: UG | C3: Shift 2 | D3: Dr. S. LAKSHMANAN | E3: Python for Data Science | F3: 25UAI24SL01
A4: B. COM BUSINESS ANALYTICS | B4: UG | C4: Shift 2 | D4: Santhosh | E4: Applied Digital Entrepreneurship | F4: 25UCB24SL01
A5: B. COM HONOURS | B5: UG | C5: Shift 2 | D5: G Prabhakaran | E5: Digital Marketing in the AI Era-Part 1 | F5: 25UCR24SL01
A6: B. COM STRATEGIC FINANCE | B6: UG | C6: Shift 2 | D6: Dr. V. Sagaya Pricilla | E6: Digital Marketing in the AI Era-Part 1 | F6: 25UCF24SL01
A7: BIOCHEMISTRY | B7: PG | C7: Shift 2 | D7: Dr P G GEEGI | E7: Fundamentals of plant pathology | F7: 25PBI2SL02
A8: BIOTECHNOLOGY | B8: PG | C8: Shift 2 | D8: Dr.C.Muthusamy | E8: Bioreactors | F8: 25PBT2SL02
A9: BIOTECHNOLOGY | B9: UG | C9: Shift 2 | D9: Dr Agnes Preethy H | E9: ANIMAL WASTE MANAGEMENT | F9: 25UBT24SL01
A10: BOTANY | B10: UG | C10: Shift 1 | D10: Dr. Johny Kumar Tagore A | E10: ANATOMY OF FLOWERING PLANTS | F10: 25UBO24SL01
A11: BUSINESS ADMINISTRATION | B11: UG | C11: Shift 2 | D11: ANANDA RAJ B | E11: Entrepreneurship Skills and Digital Marketing Strategies | F11: 25UBU24SL01
A12: BUSINESS ADMINISTRATION | B12: UG | C12: Shift 2 | D12: SINDHUJA P | E12: Entrepreneurship Skills and Digital Marketing Strategies | F12: 25UBU24SL01
... A57: VISCOM TECHNOLOGY | B57: UG | C57: Shift 2 | D57: Dr. Jeffrin Aldo J | E57: Communication Skills | F57: 25UVC24SL01

Sheet Sheet2
A1: Department | B1: Programme | C1: Shift | D1: Staff Incharge | E1: Course Title | F1: Course Code | G1: Reg. Nol | H1: Name
A2: ARTIFICIAL INTELLIGENCE | B2: PG | C2: Shift 2 | D2: C.MOHANRAJA | E2: Research Writing | F2: =_xlfn.XLOOKUP(E2, Sheet1!E:E, Sheet1!F:F, "Not Found") -> 25PAI2SL02 | G2: 25PAI801 | H2: SHRI HARISH V M
A3: ARTIFICIAL INTELLIGENCE | B3: PG | C3: Shift 2 | D3: C.MOHANRAJA | E3: Research Writing | F3: =_xlfn.XLOOKUP(E3, Sheet1!E:E, Sheet1!F:F, "Not Found") -> 25PAI2SL02 | G3: 25PAI805 | H3: CHRIS MATTHEW
A4: ARTIFICIAL INTELLIGENCE | B4: PG | C4: Shift 2 | D4: C.MOHANRAJA | E4: Research Writing | F4: =_xlfn.XLOOKUP(E4, Sheet1!E:E, Sheet1!F:F, "Not Found") -> 25PAI2SL02 | G4: 25PAI811 | H4: JAFFIC JESHMA J
A5: ARTIFICIAL INTELLIGENCE | B5: PG | C5: Shift 2 | D5: C.MOHANRAJA | E5: Research Writing | F5: =_xlfn.XLOOKUP(E5, Sheet1!E:E, Sheet1!F:F, "Not Found") -> 25PAI2SL02 | G5: 25PAI812 | H5: MOHAMED RIYAS M
A6: ARTIFICIAL INTELLIGENCE | B6: PG | C6: Shift 2 | D6: C.MOHANRAJA | E6: Research Writing | F6: =_xlfn.XLOOKUP(E6, Sheet1!E:E, Sheet1!F:F, "Not Found") -> 25PAI2SL02 | G6: 25PAI816 | H6: VISWAA G
A7: ARTIFICIAL INTELLIGENCE | B7: PG | C7: Shift 2 | D7: C.MOHANRAJA | E7: Research Writing | F7: =_xlfn.XLOOKUP(E7, Sheet1!E:E, Sheet1!F:F, "Not Found") -> 25PAI2SL02 | G7: 25PAI823 | H7: LINITH MICHAELIN P
A8: ARTIFICIAL INTELLIGENCE | B8: UG | C8: Shift 2 | D8: Dr. S. LAKSHMANAN | E8: Python for Data Science | F8: =_xlfn.XLOOKUP(E8, Sheet1!E:E, Sheet1!F:F, "Not Found") -> 25UAI24SL01 | G8: 25UAI511 | H8: ARIYA KANNAA RA
A9: ARTIFICIAL INTELLIGENCE | B9: UG | C9: Shift 2 | D9: Dr. S. LAKSHMANAN | E9: Python for Data Science | F9: =_xlfn.XLOOKUP(E9, Sheet1!E:E, Sheet1!F:F, "Not Found") -> 25UAI24SL01 | G9: 25UAI517 | H9: KODEESWAR M
A10: ARTIFICIAL INTELLIGENCE | B10: UG | C10: Shift 2 | D10: Dr. S. LAKSHMANAN | E10: Python for Data Science | F10: =_xlfn.XLOOKUP(E10, Sheet1!E:E, Sheet1!F:F, "Not Found") -> 25UAI24SL01 | G10: 25UAI524 | H10: DINESH S
A11: ARTIFICIAL INTELLIGENCE | B11: UG | C11: Shift 2 | D11: Dr. S. LAKSHMANAN | E11: Python for Data Science | F11: =_xlfn.XLOOKUP(E11, Sheet1!E:E, Sheet1!F:F, "Not Found") -> 25UAI24SL01 | G11: 25UAI526 | H11: ALWIN L
A12: ARTIFICIAL INTELLIGENCE | B12: UG | C12: Shift 2 | D12: Dr. S. LAKSHMANAN | E12: Python for Data Science | F12: =_xlfn.XLOOKUP(E12, Sheet1!E:E, Sheet1!F:F, "Not Found") -> 25UAI24SL01 | G12: 25UAI527 | H12: KRITHIK ROSHAN Y
A13: ARTIFICIAL INTELLIGENCE | B13: UG | C13: Shift 2 | D13: Dr. S. LAKSHMANAN | E13: Python for Data Science | F13: =_xlfn.XLOOKUP(E13, Sheet1!E:E, Sheet1!F:F, "Not Found") -> 25UAI24SL01 | G13: 25UAI529 | H13: SUBRAJA M
... A327: CHEMISTRY | B327: PG | C327: Shift 2 | D327: Dr.P.Arockia Doss | E327: Nano Materials-synthesis properties and applications | F327: =_xlfn.XLOOKUP(E327, Sheet1!E:E, Sheet1!F:F, "Not Found") -> 25PCH2SL02 | G327: 25PCH828 | H327: Kiruthika S
A328: COMMERCE | B328: UG | C328: Shift 1 | D328: Dr. M.ANTONY JESURAJA | E328: Forms of Business Organisation | F328: 25UCO24SL01 | G328: 25UCO105 | H328: CASPAR RUBHAN R
A329: COMMERCE | B329: UG | C329: Shift 1 | D329: Dr. M.ANTONY JESURAJA | E329: Forms of Business Organisation | F329: 25UCO24SL01 | G329: 25UCO112 | H329: PREJEWAL KEVIN S
A330: COMMERCE | B330: UG | C330: Shift 1 | D330: Dr. M.ANTONY JESURAJA | E330: Forms of Business Organisation | F330: 25UCO24SL01 | G330: 25UCO119 | H330: AMAL DAITARS A
A331: COMMERCE | B331: UG | C331: Shift 1 | D331: Dr. M.ANTONY JESURAJA | E331: Forms of Business Organisation | F331: 25UCO24SL01 | G331: 25UCO137 | H331: JEEVAN BHARATH J
A332: COMMERCE | B332: UG | C332: Shift 1 | D332: Dr. M.ANTONY JESURAJA | E332: Forms of Business Organisation | F332: 25UCO24SL01 | G332: 25UCO147 | H332: SUDHARSAN S
A333: COMMERCE | B333: UG | C333: Shift 1 | D333: Dr. M.ANTONY JESURAJA | E333: Forms of Business Organisation | F333: 25UCO24SL01 | G333: 25UCO148 | H333: CALEB XAVIER J A
A334: COMMERCE | B334: UG | C334: Shift 1 | D334: Dr. M.ANTONY JESURAJA | E334: Forms of Business Organisation | F334: 25UCO24SL01 | G334: 25UCO152 | H334: BENNY JADEN J
A335: COMMERCE | B335: UG | C335: Shift 1 | D335: Dr. M.ANTONY JESURAJA | E335: Forms of Business Organisation | F335: 25UCO24SL01 | G335: 25UCO158 | H335: SOORYA PRAKASH M G
A336: COMMERCE | B336: UG | C336: Shift 1 | D336: Dr. M.ANTONY JESURAJA | E336: Forms of Business Organisation | F336: 25UCO24SL01 | G336: 25UCO164 | H336: INBATHAMILAN A
A337: COMMERCE | B337: UG | C337: Shift 1 | D337: Dr. M.ANTONY JESURAJA | E337: Forms of Business Organisation | F337: 25UCO24SL01 | G337: 25UCO165 | H337: SHAN LANSTAN
A338: COMMERCE | B338: UG | C338: Shift 1 | D338: Dr. M.ANTONY JESURAJA | E338: Forms of Business Organisation | F338: 25UCO24SL01 | G338: 25UCO170 | H338: SAI GANESH M
A339: COMMERCE | B339: UG | C339: Shift 1 | D339: Dr. M.ANTONY JESURAJA | E339: Forms of Business Organisation | F339: 25UCO24SL01 | G339: 25UCO205 | H339: YOKESH RAJ J
... A348: COMMERCE | B348: UG | C348: Shift 1 | D348: Dr. M.ANTONY JESURAJA | E348: Forms of Business Organisation | F348: 25UCO24SL01 | G348: 25UCO255 | H348: KIRUTHICK S
A349: COMMERCE | B349: PG | C349: Shift 1 | D349: Dr. M.ANTONY JESURAJA | E349: Introduction to Banking and Financial Markets | F349: =_xlfn.XLOOKUP(E349, Sheet1!E:E, Sheet1!F:F, "Not Found") -> 25PCO2SL02 | G349: 25PCO127 | H349: DEEPAK KARTHIKEYAN A
A350: COMMERCE | B350: PG | C350: Shift 1 | D350: Dr. M.ANTONY JESURAJA | E350: Introduction to Banking and Financial Markets | F350: =_xlfn.XLOOKUP(E350, Sheet1!E:E, Sheet1!F:F, "Not Found") -> 25PCO2SL02 | G350: 25PCO136 | H350: KOUSHIK S
A351: COMMERCE | B351: UG | C351: Shift 2 | D351: Dr.Berkmans J | E351: Forms of Business Organisation | F351: 25UCO24SL01 | G351: 25UCO501 | H351: ALBERT A
A352: COMMERCE | B352: UG | C352: Shift 2 | D352: Dr.Berkmans J | E352: Forms of Business Organisation | F352: 25UCO24SL01 | G352: 25UCO507 | H352: SRINIVASAN N
A353: COMMERCE | B353: UG | C353: Shift 2 | D353: Dr.Berkmans J | E353: Forms of Business Organisation | F353: 25UCO24SL01 | G353: 25UCO508 | H353: SATHIYA MUTHU M
A354: COMMERCE | B354: UG | C354: Shift 2 | D354: Dr.Berkmans J | E354: Forms of Business Organisation | F354: 25UCO24SL01 | G354: 25UCO510 | H354: RAHUL SRINIVASAN S
A355: COMMERCE | B355: UG | C355: Shift 2 | D355: Dr.Berkmans J | E355: Forms of Business Organisation | F355: 25UCO24SL01 | G355: 25UCO512 | H355: VINCENT RAJ B
A356: COMMERCE | B356: UG | C356: Shift 2 | D356: Dr.Berkmans J | E356: Forms of Business Organisation | F356: 25UCO24SL01 | G356: 25UCO513 | H356: VIBINBHARATHI K
A357: COMMERCE | B357: UG | C357: Shift 2 | D357: Dr.Berkmans J | E357: Forms of Business Organisation | F357: 25UCO24SL01 | G357: 25UCO514 | H357: NAVEEN V N
A358: COMMERCE | B358: UG | C358: Shift 2 | D358: Dr.Berkmans J | E358: Forms of Business Organisation | F358: 25UCO24SL01 | G358: 25UCO516 | H358: DARUNKUMAR R
A359: COMMERCE | B359: UG | C359: Shift 2 | D359: Dr.Berkmans J | E359: Forms of Business Organisation | F359: 25UCO24SL01 | G359: 25UCO519 | H359: MOHAMED ASIF RAHMAN A
A360: COMMERCE | B360: UG | C360: Shift 2 | D360: Dr.Berkmans J | E360: Forms of Business Organisation | F360: 25UCO24SL01 | G360: 25UCO522 | H360: DHARMAN B
A361: COMMERCE | B361: UG | C361: Shift 2 | D361: Dr.Berkmans J | E361: Forms of Business Organisation | F361: 25UCO24SL01 | G361: 25UCO524 | H361: AUGUSTIN INFANT J
A362: COMMERCE | B362: UG | C362: Shift 2 | D362: Dr.Berkmans J | E362: Forms of Business Organisation | F362: 25UCO24SL01 | G362: 25UCO526 | H362: ADHI KRISHNAN J
... A479: COMMERCE | B479: UG | C479: Shift 2 | D479: Dr.Berkmans J | E479: Forms of Business Organisation | F479: 25UCO24SL01 | G479: 25UCO770 | H479: STEPHEN RAJ V
A480: COMMERCE COMPUTER APPLICATIONS | B480: UG | C480: Shift 2 | D480: Dr. Arumugam | E480: Digital marketing in ai | F480: =_xlfn.XLOOKUP(E480, Sheet1!E:E, Sheet1!F:F, "Not Found") -> 25UCC24SL01 | G480: 25UCC501 | H480: Jaiganesh
A481: COMMERCE COMPUTER APPLICATIONS | B481: UG | C481: Shift 2 | D481: Dr. Arumugam | E481: Digital marketing in ai | F481: =_xlfn.XLOOKUP(E481, Sheet1!E:E, Sheet1!F:F, "Not Found") -> 25UCC24SL01 | G481: 25UCC502 | H481: Deenadhayalan
A482: COMMERCE COMPUTER APPLICATIONS | B482: UG | C482: Shift 2 | D482: Dr. Arumugam | E482: Digital marketing in ai | F482: =_xlfn.XLOOKUP(E482, Sheet1!E:E, Sheet1!F:F, "Not Found") -> 25UCC24SL01 | G482: 25UCC503 | H482: Allen joshua
A483: COMMERCE COMPUTER APPLICATIONS | B483: UG | C483: Shift 2 | D483: Dr. Arumugam | E483: Digital marketing in ai | F483: =_xlfn.XLOOKUP(E483, Sheet1!E:E, Sheet1!F:F, "Not Found") -> 25UCC24SL01 | G483: 25UCC505 | H483: Bhupeshbalaji
A484: COMMERCE COMPUTER APPLICATIONS | B484: UG | C484: Shift 2 | D484: Dr. Arumugam | E484: Digital marketing in ai | F484: =_xlfn.XLOOKUP(E484, Sheet1!E:E, Sheet1!F:F, "Not Found") -> 25UCC24SL01 | G484: 25UCC507 | H484: Angelo
A485: COMMERCE COMPUTER APPLICATIONS | B485: UG | C485: Shift 2 | D485: Dr. Arumugam | E485: Digital marketing in ai | F485: =_xlfn.XLOOKUP(E485, Sheet1!E:E, Sheet1!F:F, "Not Found") -> 25UCC24SL01 | G485: 25UCC506 | H485: NANDHAKUMAR
A486: COMMERCE COMPUTER APPLICATIONS | B486: UG | C486: Shift 2 | D486: Dr. Arumugam | E486: Digital marketing in ai | F486: =_xlfn.XLOOKUP(E486, Sheet1!E:E, Sheet1!F:F, "Not Found") -> 25UCC24SL01 | G486: 25ucc508 | H486: SUSINTHAR.K
A487: COMMERCE COMPUTER APPLICATIONS | B487: UG | C487: Shift 2 | D487: Dr. Arumugam | E487: Digital marketing in ai | F487: =_xlfn.XLOOKUP(E487, Sheet1!E:E, Sheet1!F:F, "Not Found") -> 25UCC24SL01 | G487: 25ucc509 | H487: Tharun pandian
A488: COMMERCE COMPUTER APPLICATIONS | B488: UG | C488: Shift 2 | D488: Dr. Arumugam | E488: Digital marketing in ai | F488: =_xlfn.XLOOKUP(E488, Sheet1!E:E, Sheet1!F:F, "Not Found") -> 25UCC24SL01 | G488: 25ucc511 | H488: Asvinth
A489: COMMERCE COMPUTER APPLICATIONS | B489: UG | C489: Shift 2 | D489: Dr. Arumugam | E489: Digital marketing in ai | F489: =_xlfn.XLOOKUP(E489, Sheet1!E:E, Sheet1!F:F, "Not Found") -> 25UCC24SL01 | G489: 25ucc512 | H489: Benjamin
A490: COMMERCE COMPUTER APPLICATIONS | B490: UG | C490: Shift 2 | D490: Dr. Arumugam | E490: Digital marketing in ai | F490: =_xlfn.XLOOKUP(E490, Sheet1!E:E, Sheet1!F:F, "Not Found") -> 25UCC24SL01 | G490: 25UCC510 | H490: JOHN SAVIO C.B
A491: COMMERCE COMPUTER APPLICATIONS | B491: UG | C491: Shift 2 | D491: Dr. Arumugam | E491: Digital marketing in ai | F491: =_xlfn.XLOOKUP(E491, Sheet1!E:E, Sheet1!F:F, "Not Found") -> 25UCC24SL01 | G491: 25UCC516 | H491: A.SUBASH JOHNSON
... A980: ENGLISH | B980: UG | C980: Shift 1 | D980: Dr. J. Amalaveenus | E980: English Communication Skills | F980: =_xlfn.XLOOKUP(E980, Sheet1!E:E, Sheet1!F:F, "Not Found") -> 25UEN24SL01 | G980: 25UEN166 | H980: Yashwanth. CH
A981: ENGLISH | B981: PG | C981: Shift 1 | D981: Dr. J.AMALA VEENUS | E981: English Communication Skills | F981: 25PEN2SL02 | G981: 25PEN102 | H981: KLENCY J
A982: ENGLISH | B982: PG | C982: Shift 1 | D982: Dr. J.AMALA VEENUS | E982: English Communication Skills | F982: 25PEN2SL02 | G982: 25PEN103 | H982: ANDREW SAM GROGRE
A983: ENGLISH | B983: PG | C983: Shift 1 | D983: Dr. J.AMALA VEENUS | E983: English Communication Skills | F983: 25PEN2SL02 | G983: 25PEN109 | H983: KANAGARAJ
A984: ENGLISH | B984: PG | C984: Shift 1 | D984: Dr. J.AMALA VEENUS | E984: English Communication Skills | F984: 25PEN2SL02 | G984: 25PEN116 | H984: HARDY HERMES
A985: ENGLISH | B985: PG | C985: Shift 1 | D985: Dr. J.AMALA VEENUS | E985: English Communication Skills | F985: 25PEN2SL02 | G985: 25PEN130 | H985: SUNDARESWARAN
A986: ENGLISH | B986: PG | C986: Shift 1 | D986: Dr. J.AMALA VEENUS | E986: English Communication Skills | F986: 25PEN2SL02 | G986: 25PEN131 | H986: YESUDOSS A
A987: ENGLISH | B987: PG | C987: Shift 1 | D987: Dr. J.AMALA VEENUS | E987: English Communication Skills | F987: 25PEN2SL02 | G987: 25PEN139 | H987: JAYAN CHRISTOPER RAJ
A988: ENGLISH | B988: PG | C988: Shift 1 | D988: Dr. J.AMALA VEENUS | E988: English Communication Skills | F988: 25PEN2SL02 | G988: 25PEN140 | H988: THEEBANRAJA
A989: HISTORY | B989: UG | C989: Shift 1 | D989: Mr. AMARNATH A | E989: History of India - VI (C.1750-1857) | F989: =_xlfn.XLOOKUP(E989, Sheet1!E:E, Sheet1!F:F, "Not Found") -> 25UHS24SL01 | G989: 25UHS101 | H989: DEEPA SRI. S
A990: HISTORY | B990: UG | C990: Shift 1 | D990: Mr. AMARNATH A | E990: History of India - VI (C.1750-1857) | F990: =_xlfn.XLOOKUP(E990, Sheet1!E:E, Sheet1!F:F, "Not Found") -> 25UHS24SL01 | G990: 25UHS103 | H990: SHERINA PARVEEN. S
A991: HISTORY | B991: UG | C991: Shift 1 | D991: Mr. AMARNATH A | E991: History of India - VI (C.1750-1857) | F991: =_xlfn.XLOOKUP(E991, Sheet1!E:E, Sheet1!F:F, "Not Found") -> 25UHS24SL01 | G991: 25UHS106 | H991: SUGASH SERWIN. P
A992: HISTORY | B992: UG | C992: Shift 1 | D992: Mr. AMARNATH A | E992: History of India - VI (C.1750-1857) | F992: =_xlfn.XLOOKUP(E992, Sheet1!E:E, Sheet1!F:F, "Not Found") -> 25UHS24SL01 | G992: 25UHS109 | H992: ABDUL REHMAN. F
A993: HISTORY | B993: UG | C993: Shift 1 | D993: Mr. AMARNATH A | E993: History of India - VI (C.1750-1857) | F993: =_xlfn.XLOOKUP(E993, Sheet1!E:E, Sheet1!F:F, "Not Found") -> 25UHS24SL01 | G993: 25UHS113 | H993: RAGAVAN. M
A994: HISTORY | B994: UG | C994: Shift 1 | D994: Mr. AMARNATH A | E994: History of India - VI (C.1750-1857) | F994: =_xlfn.XLOOKUP(E994, Sheet1!E:E, Sheet1!F:F, "Not Found") -> 25UHS24SL01 | G994: 25UHS115 | H994: THIYA GAYATHRI. P
A995: HISTORY | B995: UG | C995: Shift 1 | D995: Mr. AMARNATH A | E995: History of India - VI (C.1750-1857) | F995: =_xlfn.XLOOKUP(E995, Sheet1!E:E, Sheet1!F:F, "Not Found") -> 25UHS24SL01 | G995: 25UHS118 | H995: YAKKOB. A
A996: HISTORY | B996: UG | C996: Shift 1 | D996: Mr. AMARNATH A | E996: History of India - VI (C.1750-1857) | F996: =_xlfn.XLOOKUP(E996, Sheet1!E:E, Sheet1!F:F, "Not Found") -> 25UHS24SL01 | G996: 25UHS121 | H996: AMUDHAVAN. C
A997: HISTORY | B997: UG | C997: Shift 1 | D997: Mr. AMARNATH A | E997: History of India - VI (C.1750-1857) | F997: =_xlfn.XLOOKUP(E997, Sheet1!E:E, Sheet1!F:F, "Not Found") -> 25UHS24SL01 | G997: 25UHS123 | H997: BALASUBRAMANI. M
A998: HISTORY | B998: UG | C998: Shift 1 | D998: Mr. AMARNATH A | E998: History of India - VI (C.1750-1857) | F998: =_xlfn.XLOOKUP(E998, Sheet1!E:E, Sheet1!F:F, "Not Found") -> 25UHS24SL01 | G998: 25UHS125 | H998: NESAMANI. M
A999: HISTORY | B999: UG | C999: Shift 1 | D999: Mr. AMARNATH A | E999: History of India - VI (C.1750-1857) | F999: =_xlfn.XLOOKUP(E999, Sheet1!E:E, Sheet1!F:F, "Not Found") -> 25UHS24SL01 | G999: 25UHS128 | H999: MANIKANDAN. S
A1000: HISTORY | B1000: UG | C1000: Shift 1 | D1000: Mr. AMARNATH A | E1000: History of India - VI (C.1750-1857) | F1000: =_xlfn.XLOOKUP(E1000, Sheet1!E:E, Sheet1!F:F, "Not Found") -> 25UHS24SL01 | G1000: 25UHS134 | H1000: STEPHEN AROCKIYAM. A
... A1195: MATHEMATICS | B1195: PG | C1195: Shift 1 | D1195: Geetha Sivaraman | E1195: Decision making under uncertainty | F1195: =_xlfn.XLOOKUP(E1195, Sheet1!E:E, Sheet1!F:F, "Not Found") -> 25PMA2SL02 | G1195: 25PMA132 | H1195: LOGESH KUMAR R S
A1196: MATHEMATICS | B1196: UG | C1196: Shift 1 | D1196: Dr. S. ASEERVATHAM | E1196: Math Foundation | F1196: 25UMA24SL01 | G1196: 25UMA201 | H1196: Ravi D
A1197: MATHEMATICS | B1197: UG | C1197: Shift 1 | D1197: Dr. S. ASEERVATHAM | E1197: Math Foundation | F1197: 25UMA24SL01 | G1197: 25UMA203 | H1197: Jakeishabritt J
A1198: MATHEMATICS | B1198: UG | C1198: Shift 1 | D1198: Dr. S. ASEERVATHAM | E1198: Math Foundation | F1198: 25UMA24SL01 | G1198: 25UMA204 | H1198: Vetrivel M
A1199: MATHEMATICS | B1199: UG | C1199: Shift 1 | D1199: Dr. S. ASEERVATHAM | E1199: Math Foundation | F1199: 25UMA24SL01 | G1199: 25UMA205 | H1199: Lokeshvaran K
A1200: MATHEMATICS | B1200: UG | C1200: Shift 1 | D1200: Dr. S. ASEERVATHAM | E1200: Math Foundation | F1200: 25UMA24SL01 | G1200: 25UMA208 | H1200: Jerry Arul Sebastian N
A1201: MATHEMATICS | B1201: UG | C1201: Shift 1 | D1201: Dr. S. ASEERVATHAM | E1201: Math Foundation | F1201: 25UMA24SL01 | G1201: 25UMA209 | H1201: Hariharan C
A1202: MATHEMATICS | B1202: UG | C1202: Shift 1 | D1202: Dr. S. ASEERVATHAM | E1202: Math Foundation | F1202: 25UMA24SL01 | G1202: 25UMA213 | H1202: Rajkumar A
A1203: MATHEMATICS | B1203: UG | C1203: Shift 1 | D1203: Dr. S. ASEERVATHAM | E1203: Math Foundation | F1203: 25UMA24SL01 | G1203: 25UMA215 | H1203: Sabari L
A1204: MATHEMATICS | B1204: UG | C1204: Shift 1 | D1204: Dr. S. ASEERVATHAM | E1204: Math Foundation | F1204: 25UMA24SL01 | G1204: 25UMA218 | H1204: Thilagar B
A1205: MATHEMATICS | B1205: UG | C1205: Shift 1 | D1205: Dr. S. ASEERVATHAM | E1205: Math Foundation | F1205: 25UMA24SL01 | G1205: 25UMA219 | H1205: Amithratchagan R
A1206: MATHEMATICS | B1206: UG | C1206: Shift 1 | D1206: Dr. S. ASEERVATHAM | E1206: Math Foundation | F1206: 25UMA24SL01 | G1206: 25UMA220 | H1206: Deepan P
A1207: MATHEMATICS | B1207: UG | C1207: Shift 1 | D1207: Dr. S. ASEERVATHAM | E1207: Math Foundation | F1207: 25UMA24SL01 | G1207: 25UMA222 | H1207: Karthikgison D
... A1220: MATHEMATICS | B1220: UG | C1220: Shift 2 | D1220: Dr. J. Mercy Arokia Rani | E1220: Math Foundation | F1220: 25UMA24SL01 | G1220: 25UMA530 | H1220: R. Dharshini
A1221: MATHEMATICS | B1221: PG | C1221: Shift 2 | D1221: Dr. A. Arul Xavier | E1221: Math Foundation | F1221: =_xlfn.XLOOKUP(E1221, Sheet1!E:E, Sheet1!F:F, "Not Found") -> 25PMA2SL02 | G1221: 25PMA801 | H1221: L. Arthi
A1222: MATHEMATICS | B1222: PG | C1222: Shift 2 | D1222: Dr. A. Arul Xavier | E1222: Math Foundation | F1222: =_xlfn.XLOOKUP(E1222, Sheet1!E:E, Sheet1!F:F, "Not Found") -> 25PMA2SL02 | G1222: 25PMA802 | H1222: B. Rathai
A1223: MATHEMATICS | B1223: PG | C1223: Shift 2 | D1223: Dr. A. Arul Xavier | E1223: Math Foundation | F1223: =_xlfn.XLOOKUP(E1223, Sheet1!E:E, Sheet1!F:F, "Not Found") -> 25PMA2SL02 | G1223: 25PMA803 | H1223: R. Kousick
A1224: MATHEMATICS | B1224: PG | C1224: Shift 2 | D1224: Dr. A. Arul Xavier | E1224: Math Foundation | F1224: =_xlfn.XLOOKUP(E1224, Sheet1!E:E, Sheet1!F:F, "Not Found") -> 25PMA2SL02 | G1224: 25PMA805 | H1224: P. P.Poorvasri
A1225: MATHEMATICS | B1225: PG | C1225: Shift 2 | D1225: Dr. A. Arul Xavier | E1225: Math Foundation | F1225: =_xlfn.XLOOKUP(E1225, Sheet1!E:E, Sheet1!F:F, "Not Found") -> 25PMA2SL02 | G1225: 25PMA808 | H1225: M. Sonali
A1226: MATHEMATICS | B1226: PG | C1226: Shift 2 | D1226: Dr. A. Arul Xavier | E1226: Math Foundation | F1226: =_xlfn.XLOOKUP(E1226, Sheet1!E:E, Sheet1!F:F, "Not Found") -> 25PMA2SL02 | G1226: 25PMA809 | H1226: K. Pravinbabu
A1227: MATHEMATICS | B1227: UG | C1227: Shift 1 | D1227: Dr. S. ASEERVATHAM | E1227: Math Foundation | F1227: 25UMA24SL01 | G1227: 25UMA102 | H1227: Daniel Ferrare S
A1228: MATHEMATICS | B1228: UG | C1228: Shift 1 | D1228: Dr. S. ASEERVATHAM | E1228: Math Foundation | F1228: 25UMA24SL01 | G1228: 25UMA105 | H1228: Kisan T
A1229: MATHEMATICS | B1229: UG | C1229: Shift 1 | D1229: Dr. S. ASEERVATHAM | E1229: Math Foundation | F1229: 25UMA24SL01 | G1229: 25UMA106 | H1229: Gokul K
A1230: MATHEMATICS | B1230: UG | C1230: Shift 1 | D1230: Dr. S. ASEERVATHAM | E1230: Math Foundation | F1230: 25UMA24SL01 | G1230: 25UMA108 | H1230: Praveen M
A1231: MATHEMATICS | B1231: UG | C1231: Shift 1 | D1231: Dr. S. ASEERVATHAM | E1231: Math Foundation | F1231: 25UMA24SL01 | G1231: 25UMA109 | H1231: Akash R
...
